Q1: Career Exploration,,,,,,,,
,,,,,,,,
Do any of your findings surprise you?,,,,,,,,
Yes. I was surprised by how wide the salary range is for data scientists depending on industry and experience level. I was also surprised that some roles I expected to require graduate school do not strictly require it.,,,,,,,,
,,,,,,,,
,Data Scientist ,Information Security Analysts,Actuaries,Financial Managers,Management Analysts,Art Directors,Financial Analysts,Personal Financial Advisors
2024 Median Pay,"$112,590 per year
$54.13 per hour","$124,910 per year
$60.05 per hour","$125,770 per year $60.47 per hour","$161,700 per year
$77.74 per hour","$101,190 per year
$48.65 per hour","$111,040 per year
$53.38 per hour","$101,910 per year
$48.99 per hour","$102,140 per year
$49.11 per hour"
Typical Entry-Level Education,Bachelor's degree,Bachelor's degree,Bachelor's degree,Bachelor's degree,Bachelor's degree,Bachelor's degree,Bachelor's degree,Bachelor's degree
Work Experience in a Related Occupation,None,Less than 5 years,None,5 years or more,Less than 5 years,5 years or more,None,None
On-the-job Training,None,None,Long-term on-the-job training,None,None,None,None,Long-term on-the-job training
"Number of Jobs, 2024","245,900","182,800","33,600","868,600","1,075,100","135,000","429,000","326,000"
"Job Outlook, 2024–34",34%,29%,22%,15%,9% (Much faster than average),4% (As fast as average),6% (Faster than average),10% (Much faster than average)
"Employment Change, 2024–34","82,500","52,100","7,300","128,800","94,500","5,700","25,100","31,200"
,,,,,,,,
Rankings,,,,,,,,
Financial Managers,,,,,,,,
"Ranked first due to high median pay, strong demand across industries, and significant responsibility in shaping financial strategy. The role offers leadership opportunities and long-term career growth.",,,,,,,,
,,,,,,,,
Data Scientist,,,,,,,,
"Offers strong salary potential, rapid job growth, and intellectually challenging work. Skills are transferable across industries, and demand is expected to remain high.",,,,,,,,
,,,,,,,,
Information Security Analysts,,,,,,,,
"High demand driven by increasing cybersecurity risks. The role offers strong job security and competitive pay, though it can involve high-pressure environments.",,,,,,,,
,,,,,,,,
Actuaries,,,,,,,,
"Excellent compensation and job stability, especially in insurance and finance. However, the certification process is lengthy and demanding.",,,,,,,,
,,,,,,,,
Management Analysts,,,,,,,,
"Provides exposure to many industries and strong problem-solving opportunities. Compensation is solid, but travel and long hours can be downsides.",,,,,,,,
,,,,,,,,
Financial Analysts,,,,,,,,
"Good entry-level access to finance and valuable analytical experience, but compensation and advancement potential are generally lower than for financial managers.",,,,,,,,
,,,,,,,,
Personal Financial Advisors,,,,,,,,
"Can be rewarding and flexible, but income is often commission-based and can be unstable early in one’s career.",,,,,,,,
,,,,,,,,
Art Directors,,,,,,,,
"Highly creative and fulfilling work, but salaries are more variable and the field is more competitive with less job security compared to the others listed.",,,,,,,,